knjiga,zanr
11,Classics
11,Humor
11,Fiction
11,Fantasy
11,Science Fiction
155,Cultural
155,Classics
155,Russia
155,Romance
155,Fiction
297,Classics
297,Historical Fiction
297,Adventure
297,Fiction
297,Pirates
297,Historical
297,Novels
297,Fantasy
297,Childrens
297,Young Adult
297,Literature
536,Fiction
536,Fantasy
536,Young Adult
536,Mystery
536,Contemporary
929,Classics
929,Historical Fiction
929,Romance
929,Fiction
929,Historical
1432,Classics
1432,Drama
1432,Fiction
1432,Plays
1432,Academic
2619,Literature
2619,Classics
2619,Fiction
2619,Historical
2623,Literature
2623,Classics
2623,Fiction
2623,Historical
2896,Classics
2896,Historical Fiction
2896,Fiction
2896,Thriller
2896,Historical
2896,Mystery
2896,Horror
3437,Mystery
3437,Young Adult
3437,Fiction
3437,Contemporary
3766,Travel
3766,Literature
3766,Classics
3766,Fiction
3835,Spanish Literature
3835,Classics
3835,Adventure
3835,European Literature
3835,Fiction
3835,Literature
4262,Humor
4262,Romance
4262,Fiction
4262,Music
4262,Contemporary
4381,Classics
4381,Fiction
4381,Science Fiction
4472,Literature
4472,Classics
4472,Fiction
4472,Contemporary
4486,Humor
4486,Chick Lit
4486,Romance
4486,Fiction
4486,Womens Fiction
4486,Contemporary
4584,Historical Fiction
4584,Fiction
4584,Historical
4584,Novels
4584,Contemporary
4610,War
4610,Classics
4610,Fiction
4610,Historical
4937,Cultural
4937,Classics
4937,Russia
4937,Fiction
4937,Literature
4944,Childrens
4944,Picture Books
5213,Drama
5213,Fiction
5213,Contemporary
5507,Classics
5507,Nonfiction
5507,History
5507,Autobiography
5507,Biography
6655,Poetry
6655,Literature
6655,Classics
6655,Fiction
6794,Historical
6794,Fiction
6794,Fantasy
6794,Science Fiction
7131,Classics
7131,Historical Fiction
7131,Adventure
7131,Fiction
7131,Historical
7138,Cultural
7138,Classics
7138,Russia
7138,Fiction
7138,Literature
7178,Young Adult
7178,Literature
7178,Classics
7178,Fiction
7220,Historical Fiction
7220,Fiction
7220,Historical
7220,Adult Fiction
7220,Young Adult
7677,Adventure
7677,Fiction
7677,Thriller
7677,Fantasy
7677,Science Fiction
7747,Humor
7747,Classics
7747,Fiction
8219,Classics
8219,Historical Fiction
8219,Fiction
8219,Historical
8219,Childrens
8219,Young Adult
9030,True Crime
9030,Nonfiction
9030,History
9030,Crime
9030,Mystery
9889,Short Stories
9889,Classics
9889,Fiction
9961,Classics
9961,Historical Fiction
9961,Romance
9961,Fiction
9961,Historical
10074,Young Adult
10074,Fiction
10074,Fantasy
10365,Childrens
10365,Young Adult
10365,Classics
10365,Fiction
10545,Literature
10545,Classics
10545,Fiction
10545,Novels
11129,Classics
11129,Fiction
11129,Fantasy
11129,Childrens
11129,Young Adult
11149,Christian
11149,Philosophy
11149,Classics
11149,Christianity
11149,Religion
11149,Fiction
11149,Theology
11149,Fantasy
11149,Christian Fiction
11149,Faith
11220,Psychology
11220,Literature
11220,Classics
11220,Fiction
11569,Short Stories
11569,Thriller
11569,Fiction
11569,Horror
12147,Classics
12147,Fiction
12147,Fantasy
12147,Young Adult
12147,Animals
12854,Cultural
12854,Classics
12854,Russia
12854,Fiction
12854,Russian Literature
12854,Literature
12873,Classics
12873,Romance
12873,Fiction
12873,Gothic
12873,Mystery
12941,Poetry
12941,Classics
12941,Tragedy
12941,School
12941,Drama
12941,Theatre
12941,Read For School
12941,Fiction
12941,Plays
12941,Academic
12941,Literature
14050,Romance
14050,Fiction
14050,Fantasy
14050,Science Fiction
14050,Time Travel
14354,Cultural
14354,Classics
14354,Historical Fiction
14354,Fiction
14354,Historical
14354,Africa
15688,Philosophy
15688,Cultural
15688,Classics
15688,France
15688,Fiction
15688,Literature
16005,Poetry
16005,Classics
16005,Religion
16005,Fiction
16005,Literature
17152,Classics
17152,Historical Fiction
17152,Fiction
17152,Historical
17152,Literature
17238,Classics
17238,Fiction
17238,Fantasy
17238,Paranormal
17238,Horror
18132,Classics
18132,Fiction
18132,Fantasy
18132,Childrens
18132,Young Adult
18133,Cultural
18133,Classics
18133,Adult
18133,Russia
18133,Romance
18133,Fiction
18133,Novels
18133,Russian Literature
18133,Literature
18133,Literary Fiction
18342,Audiobook
18342,Adult
18342,Fiction
18342,Thriller
18342,Novels
18342,Fantasy
18342,Suspense
18342,Mystery
18342,Paranormal
18342,Horror
18509,Classics
18509,Fiction
18509,Fantasy
18517,Literature
18517,Classics
18517,Fiction
18517,Novels
19075,Cultural
19075,Classics
19075,Historical Fiction
19075,France
19075,Romance
19075,French Literature
19075,Fiction
19075,European Literature
19075,Historical
19075,Novels
19075,Literature
19075,19th Century
19179,Poetry
19179,Classics
19179,School
19179,Fiction
19179,Academic
19179,Fantasy
19374,Classics
19374,Historical Fiction
19374,Adventure
19374,School
19374,Read For School
19374,Fiction
19374,Historical
19374,Academic
19374,Novels
19374,Young Adult
19374,Literature
19542,Classics
19542,Adventure
19542,Fiction
19542,Kids
19542,Picture Books
19542,Fantasy
19542,Childrens
19542,Young Adult
19542,Animals
23539,Graphic Novels
23539,Fiction
23539,Fantasy
23539,Science Fiction
23539,Sequential Art
23539,Comics
24284,Cultural
24284,Classics
24284,Historical Fiction
24284,France
24284,Romance
24284,French Literature
24284,Fiction
24284,European Literature
24284,Historical
24284,Novels
24284,Literature
24682,Childrens
24682,Picture Books
24682,Fiction
26132,Poetry
26132,Classics
26132,Fiction
26132,Fantasy
30136,Childrens
30136,Picture Books
30136,Classics
30136,Fiction
32085,Classics
32085,Animals
32085,Nonfiction
32085,Biography
32085,Autobiography
32085,Memoir
32814,Poetry
32814,Short Stories
32814,Classics
32814,Historical Fiction
32814,School
32814,Fiction
32814,Academic
32814,Historical
32814,Medieval
32814,Literature
32814,Classic Literature
37819,Cultural
37819,Historical Fiction
37819,India
37819,Fiction
37819,Historical
37819,Contemporary
38044,Cultural
38044,Classics
38044,Historical Fiction
38044,Japan
38044,Fiction
38044,Historical
40698,Classics
40698,School
40698,Fiction
40698,Academic
40698,Historical
40698,Literature
42647,Historical Fiction
42647,Military History
42647,Romance
42647,Fiction
42647,Historical
44187,Young Adult
44187,Fiction
44187,Fantasy
44187,Mythology
46132,Literature
46132,Classics
46132,Fiction
46132,Novels
46167,War
46167,Classics
46167,Historical Fiction
46167,Fiction
46167,Historical
46167,Literature
46168,Literature
46168,Classics
46168,Fiction
46168,Novels
46181,Young Adult
46181,Classics
46181,Fiction
46181,Contemporary
49563,Philosophy
49563,Classics
49563,Fiction
49563,European Literature
49563,Literature
50165,Romance
50165,Classics
50165,Fiction
52277,Feminism
52277,Classics
52277,School
52277,Fiction
52277,Academic
52277,Literature
57854,Poetry
57854,Philosophy
57854,Cultural
57854,Classics
57854,Spirituality
57854,Religion
57854,China
57854,Nonfiction
57854,Self Help
57854,Taoism
59186,Philosophy
59186,Short Stories
59186,Classics
59186,Fiction
59186,Fantasy
59186,Literature
70720,Childrens
70720,Classics
70720,Fiction
70720,Fantasy
70897,Mystery
70897,Fiction
70897,Contemporary
70947,Audiobook
70947,Classics
70947,Science Fiction Fantasy
70947,Adventure
70947,Fiction
70947,Steampunk
70947,Fantasy
70947,Science Fiction
70947,Childrens
70947,Young Adult
70949,Young Adult
70949,Fiction
70949,Fantasy
72029,Classics
72029,Fiction
72029,Fantasy
72029,Childrens
72029,Young Adult
73716,Classics
73716,Historical Fiction
73716,Magical Realism
73716,Romance
73716,Fiction
73716,Historical
73716,Fantasy
73716,Food and Drink
75303,Islam
75303,Philosophy
75303,Classics
75303,Spirituality
75303,Religion
75303,Nonfiction
75303,Theology
75303,Fantasy
75303,History
75303,Reference
75786,Literature
75786,Classics
75786,Fiction
75786,Novels
76817,Childrens
76817,Young Adult
76817,Classics
76817,Fiction
76847,Classics
76847,Historical Fiction
76847,Fiction
76847,Historical
76847,Art
77233,Cultural
77233,Short Stories
77233,Classics
77233,Ireland
77233,Fiction
77233,Literature
77247,World War II
77247,Classics
77247,War
77247,Nonfiction
77247,Holocaust
77247,History
77470,Literature
77470,Fiction
77470,Contemporary
77531,Literature
77531,Short Stories
77531,Classics
77531,Fiction
84962,Classics
84962,Drama
84962,Fiction
84962,Plays
84962,Academic
84979,Classics
84979,Historical Fiction
84979,Adult
84979,Romance
84979,Fiction
84979,Historical
84979,Novels
84979,Historical Romance
84979,Literature
84979,Classic Literature
85266,Mystery
85266,Suspense
85266,Fiction
85266,Thriller
85424,Thriller
85424,Fiction
85424,Fantasy
85424,Horror
92141,Adult
92141,Fiction
92141,Fantasy
106192,Classics
106192,Historical Fiction
106192,Magical Realism
106192,Fiction
106192,Historical
106192,Fantasy
109059,Childrens
109059,Classics
109059,Fiction
109059,Fantasy
111620,Classics
111620,Historical Fiction
111620,Fiction
111620,Historical
111620,Literature
117837,Cultural
117837,Classics
117837,Fiction
117837,Historical
117837,Africa
117837,Literature
120451,Philosophy
120451,Cultural
120451,Classics
120451,Humor
120451,France
120451,School
120451,French Literature
120451,Fiction
120451,European Literature
120451,18th Century
120451,Academic
120451,Novels
120451,Literature
120482,Cultural
120482,Classics
120482,Historical Fiction
120482,British Literature
120482,Romance
120482,Fiction
120482,European Literature
120482,Historical
120482,Novels
120482,20th Century
120482,Italy
120482,Literature
132314,Poetry
132314,Short Stories
132314,Classics
132314,Fiction
132314,Horror
168646,War
168646,Classics
168646,Fiction
168646,Science Fiction
168661,Philosophy
168661,Classics
168661,Politics
168661,Nonfiction
168661,History
169205,Romance
169205,Fantasy
169205,Young Adult
169205,Vampires
169205,Paranormal
170436,Cultural
170436,Classics
170436,Historical Fiction
170436,School
170436,Fiction
170436,Academic
170436,Historical
170448,Classics
170448,Fiction
170448,Dystopia
170448,Fantasy
170448,Science Fiction
170448,Literature
170453,Adventure
170453,Classics
170453,Fiction
170453,Fantasy
170668,Childrens
170668,Fiction
170668,Fantasy
175343,Inspirational
175343,Fantasy
175343,Fiction
175343,Contemporary
176108,Young Adult
176108,Academic
176108,Classics
176108,Fiction
191128,Childrens
191128,Picture Books
191128,Fiction
198167,Historical
198167,Classics
198167,Historical Fiction
198167,Fiction
206657,Childrens
206657,Young Adult
206657,Classics
206657,Fiction
226722,Historical
226722,Historical Fiction
226722,Fiction
226722,Fantasy
227589,Chick Lit
227589,Womens Fiction
227589,Fiction
227589,Contemporary
231584,War
231584,Classics
231584,Historical Fiction
231584,Romance
231584,Fiction
231584,Historical
231813,Academic
231813,Literature
231813,Classics
231813,Fiction
232187,Childrens
232187,Young Adult
232187,Classics
232188,Childrens
232188,Classics
232188,Fiction
232188,Fantasy
232381,Childrens
232381,Picture Books
232381,Classics
233681,Thriller
233681,Fiction
233681,Horror
233858,World War II
233858,Historical Fiction
233858,European Literature
233858,Fiction
233858,German Literature
233858,Historical
234225,Audiobook
234225,Classics
234225,Science Fiction Fantasy
234225,Adventure
234225,Fiction
234225,Speculative Fiction
234225,Space
234225,Novels
234225,Fantasy
234225,Science Fiction
234225,Space Opera
240007,Poetry
240007,Childrens
240007,Classics
265016,Classics
265016,Drama
265016,Fiction
265016,Plays
265016,Academic
271276,Classics
271276,Historical Fiction
271276,Fiction
271276,Historical
271276,Literature
274186,Classics
274186,Historical Fiction
274186,Fiction
274186,Historical
274186,Literature
274186,Literary Fiction
275984,Philosophy
275984,Inspirational
275984,Classics
275984,Spirituality
275984,Fiction
275984,Fantasy
284066,Cultural
284066,Magical Realism
284066,Japan
284066,Fiction
284066,Fantasy
284066,Asian Literature
284066,Japanese Literature
290131,Audiobook
290131,Classics
290131,Adventure
290131,Fairy Tales
290131,Fiction
290131,Middle Grade
290131,Fantasy
290131,Childrens
290131,Young Adult
290131,Literature
292110,Young Adult
292110,Fiction
292110,Fantasy
298247,Classics
298247,Historical Fiction
298247,Drama
298247,Fiction
298247,Plays
298247,Historical
298247,Academic
304306,Historical Fiction
304306,Teen
304306,Romance
304306,Fiction
304306,Historical
304306,Fantasy
304306,Young Adult
304306,Magic
304306,Mystery
304306,Paranormal
304996,Childrens
304996,Young Adult
304996,Classics
304996,Fiction
306150,Poetry
306150,Literature
306150,Classics
306150,Fiction
311502,Young Adult
311502,Fiction
311502,Fantasy
317500,Classics
317500,Fiction
317500,Fantasy
317500,Childrens
317500,Young Adult
331692,Graphic Novels
331692,Nonfiction
331692,Biography
331692,History
331692,Sequential Art
331692,Comics
345627,Romance
345627,Fantasy
345627,Young Adult
345627,Vampires
345627,Paranormal
348428,Classics
348428,Fiction
348428,Novels
348428,Literature
348428,Contemporary
359079,Classics
359079,Humor
359079,Adventure
359079,Juvenile
359079,Fiction
359079,European Literature
359079,Middle Grade
359079,Fantasy
359079,Childrens
359079,Young Adult
370523,Literature
370523,Magical Realism
370523,Classics
370523,Fiction
376609,Autobiography
376609,Biography
376609,Nonfiction
376609,Memoir
376612,Animals
376612,Nonfiction
376612,Biography
376612,Dogs
376612,Autobiography
376612,Memoir
386162,Classics
386162,Humor
386162,Fiction
386162,Fantasy
386162,Science Fiction
386299,Classics
386299,School
386299,Adventure
386299,Fiction
386299,Academic
386299,Novels
386299,20th Century
386299,American
386299,Literature
386299,Classic Literature
386299,Literary Fiction
386376,Fiction
386376,Fantasy
386376,Vampires
386376,Paranormal
386376,Horror
386411,Classics
386411,Humor
386411,Science Fiction Fantasy
386411,American
386411,Fiction
386411,Dystopia
386411,Novels
386411,Fantasy
386411,Science Fiction
386411,Literature
395040,Feminism
395040,Classics
395040,Fiction
398199,Classics
398199,Historical Fiction
398199,British Literature
398199,Romance
398199,Fiction
398199,European Literature
398199,Historical
398199,Literature
398199,Gothic
398199,19th Century
402777,Classics
402777,Historical Fiction
402777,Adventure
402777,Fiction
402777,Historical
402777,Novels
402777,Unfinished
402777,American
402777,Literature
402777,Classic Literature
402777,19th Century
403459,Graphic Novels
403459,Fiction
403459,Dystopia
403459,Science Fiction
403459,Sequential Art
403459,Comics
410428,Writing
410428,Historical Fiction
410428,Adult
410428,Fiction
410428,Book Club
410428,Historical
410428,Adult Fiction
410428,Fantasy
410428,Books About Books
410428,Gothic
410428,Mystery
437143,History
437143,Science
437143,Audiobook
437143,Nonfiction
437149,Classics
437149,Fiction
437149,Thriller
437149,Mystery
437149,Horror
441267,Childrens
441267,Young Adult
441267,Classics
441267,Fiction
444555,Philosophy
444555,Classics
444555,Spirituality
444555,Religion
444555,Fiction
444555,Literature
449908,Classics
449908,Fiction
449908,Fantasy
449908,Childrens
449908,Young Adult
482976,Classics
482976,Historical Fiction
482976,Fiction
482976,Historical
482976,Young Adult
482978,Essays
482978,Writing
482978,Short Stories
482978,Humor
482978,Nonfiction
482978,Autobiography
482978,Memoir
507157,Classics
507157,Romance
507157,Fiction
507157,Literature
507157,Gothic
509797,Classics
509797,Fiction
509797,Fantasy
509797,Childrens
509797,Young Adult
509929,Poetry
509929,Short Stories
509929,Classics
509929,Fiction
509929,Literature
509929,Horror
525878,Classics
525878,Humor
525878,Fiction
525878,Science Fiction
525878,Literature
528762,Philosophy
528762,Classics
528762,Fiction
528762,European Literature
528762,German Literature
528762,Novels
528762,Literature
545294,Classics
545294,Historical Fiction
545294,Romance
545294,Fiction
545294,Historical
552886,Young Adult
552886,Fantasy
552886,Science Fiction
563002,Cultural
563002,Classics
563002,Historical Fiction
563002,China
563002,Fiction
563002,Historical
563002,Contemporary
577537,Poetry
577537,Classics
577537,School
577537,Romance
577537,Drama
577537,Read For School
577537,Fiction
577537,Plays
577537,High School
577537,Academic
577537,Young Adult
577537,Literature
578517,Inspirational
578517,Philosophy
578517,Classics
578517,Adult
578517,Biography Memoir
578517,Self Help
578517,Nonfiction
578517,Memoir
578517,Autobiography
578517,Biography
578517,Contemporary
587318,Classics
587318,Fiction
587318,Fantasy
587318,Childrens
587318,Young Adult
592951,Classics
592951,Drama
592951,Theatre
592951,Fiction
592951,Plays
592951,Literature
603241,Classics
603241,Historical Fiction
603241,Fiction
603241,Historical
603241,Academic
603241,Young Adult
607014,Retellings
607014,Adventure
607014,Fairy Tales
607014,Romance
607014,Fiction
607014,Middle Grade
607014,Fantasy
607014,Childrens
607014,Young Adult
607014,Magic
607274,Classics
607274,Historical Fiction
607274,Religion
607274,Fiction
607274,Historical
607274,Jewish
607274,Young Adult
607274,Literature
607412,Romance
607412,Fiction
607412,Realistic Fiction
607412,Young Adult
607412,Contemporary
618241,Fiction
618241,Fantasy
623401,Audiobook
623401,Classics
623401,Juvenile
623401,Fiction
623401,Picture Books
623401,Fantasy
623401,Childrens
623401,Young Adult
623401,Animals
653945,Classics
653945,Drama
653945,Fiction
653945,Plays
653945,Academic
654169,Childrens
654169,Picture Books
664162,Childrens
664162,Classics
664162,Fiction
664162,Fantasy
682765,Classics
682765,Mystery
682765,Fiction
685689,Childrens
685689,Young Adult
685689,Fiction
705209,Cultural
705209,Classics
705209,Historical Fiction
705209,Magical Realism
705209,India
705209,Fiction
705209,Historical
705209,Fantasy
763588,Audiobook
763588,Classics
763588,Historical Fiction
763588,Cultural
763588,Fiction
763588,Historical
763588,Middle Grade
763588,Childrens
763588,Young Adult
763588,Canada
770754,Philosophy
770754,Cultural
770754,Classics
770754,France
770754,Fiction
770754,Literature
795921,Classics
795921,Christmas
795921,Fiction
795921,Picture Books
795921,Childrens
795921,Holiday
828697,India
828697,Cultural
828697,Fiction
828697,Historical
833671,Mystery
833671,Historical
833671,Historical Fiction
833671,Fiction
853510,Classics
853510,Mystery
853510,Fiction
863334,Literature
863334,Classics
863334,Fiction
863334,Novels
888628,Fiction
888628,Science Fiction
891694,Cultural
891694,Classics
891694,Fiction
891694,Kids
891694,Picture Books
891694,Family
891694,Love
891694,Childrens
891694,Canada
891694,Realistic Fiction
892295,Detective
892295,Mystery Thriller
892295,Short Stories
892295,Classics
892295,Historical Fiction
892295,Mystery
892295,Fiction
892295,Thriller
892295,Historical
892295,Literature
892295,Crime
929618,Historical
929618,Historical Fiction
929618,Fiction
929618,Contemporary
974154,Feminism
974154,Classics
974154,Fiction
974154,Dystopia
974154,Science Fiction
1095059,Poetry
1095059,Classics
1095059,Drama
1095059,European Literature
1095059,Fiction
1095059,Plays
1095059,German Literature
1339888,Young Adult
1339888,Fiction
1339888,Fantasy
1349956,Childrens
1349956,Classics
1349956,Fiction
1581365,Young Adult
1581365,Fiction
1581365,Fantasy
1581365,Mythology
1754286,World War II
1754286,Historical Fiction
1754286,Fiction
1754286,Historical
1754286,Young Adult
1786535,Childrens
1786535,Picture Books
1786535,Classics
1786535,Fiction
1950540,Short Stories
1950540,Classics
1950540,Fiction
1950540,Science Fiction
2188936,Womens Fiction
2188936,Fiction
2188936,Contemporary
2600408,Classics
2600408,Historical Fiction
2600408,Regency
2600408,Romance
2600408,Fiction
2600408,European Literature
2600408,Historical
2600408,Novels
2600408,Literature
2600408,Classic Literature
2685814,Supernatural
2685814,Teen
2685814,Romance
2685814,Shapeshifters
2685814,Fiction
2685814,Paranormal Romance
2685814,Fantasy
2685814,Young Adult
2685814,Vampires
2685814,Paranormal
2914097,Young Adult
2914097,Fiction
2914097,Contemporary
2924362,Fiction
2924362,Fantasy
2924362,Vampires
2924362,Paranormal
2924362,Horror
3093681,Young Adult
3093681,Fiction
3093681,Fantasy
3168524,Literature
3168524,Humor
3168524,Classics
3168524,Fiction
3263868,Philosophy
3263868,Classics
3263868,Fiction
3263868,Novels
3263868,Young Adult
3401521,Philosophy
3401521,Classics
3401521,Politics
3401521,Nonfiction
3401521,History
3421809,Cultural
3421809,Japan
3421809,Romance
3421809,Fiction
3421809,Asian Literature
3421809,Japanese Literature
3421809,Contemporary
3438113,Classics
3438113,Historical Fiction
3438113,Magical Realism
3438113,Romance
3438113,Fiction
3438113,Historical
3458106,Cultural
3458106,Classics
3458106,Historical Fiction
3458106,Romance
3458106,Fiction
3458106,Historical
3458106,Australia
3853137,Philosophy
3853137,Classics
3853137,Fiction
3853137,Novels
3853137,Literature
3940508,Young Adult
3940508,Short Stories
3940508,Fiction
3940508,Fantasy
4556058,Young Adult
4556058,Fantasy
4602032,Adult
4602032,Supernatural
4602032,Romance
4602032,Fiction
4602032,Paranormal Romance
4602032,Fantasy
4602032,Urban Fantasy
4602032,Vampires
4602032,Mystery
4602032,Paranormal
4906099,Historical
4906099,Historical Fiction
4906099,Fiction
4906099,Contemporary
4906348,Literary Fiction
4906348,Book Club
4906348,Fiction
4906348,Contemporary
4971790,Childrens
4971790,Classics
4971790,Fiction
4971790,Fantasy
5025780,Classics
5025780,Historical Fiction
5025780,Magical Realism
5025780,Fiction
5025780,Historical
5043803,Supernatural
5043803,Teen
5043803,Romance
5043803,Fiction
5043803,Paranormal Romance
5043803,Fantasy
5043803,Young Adult
5043803,Vampires
5043803,Paranormal
5081331,Classics
5081331,Nonfiction
5081331,Memoir
5081331,Autobiography
5081331,Biography
5088205,Classics
5088205,Historical Fiction
5088205,Romance
5088205,Fiction
5088205,Historical
5096865,Classics
5096865,True Crime
5096865,Nonfiction
5096865,Crime
5096865,Mystery
5140074,Historical Fiction
5140074,Humor
5140074,Religion
5140074,Fiction
5140074,Historical
5140074,Fantasy
5292465,Romance
5292465,Historical
5292465,Historical Fiction
5292465,Fiction
5292557,Historical Fiction
5292557,Romance
5292557,Fiction
5292557,Historical
5292557,Fantasy
5292557,Science Fiction
5292557,Time Travel
5293561,Cultural
5293561,Adult
5293561,Historical Fiction
5293561,Audiobook
5293561,Romance
5293561,Fiction
5293561,Scotland
5293561,Historical
5293561,Fantasy
5293561,Science Fiction
5293561,Historical Romance
5293561,Time Travel
5577844,Adventure
5577844,Romance
5577844,Fiction
5577844,Fantasy
5577844,Young Adult
5598223,Romance
5598223,Paranormal Romance
5598223,Fantasy
5598223,Vampires
5598223,Paranormal
5864120,Apocalyptic
5864120,Fiction
5864120,Fantasy
5864120,Science Fiction
5864120,Horror
5948933,Cultural
5948933,Classics
5948933,Historical Fiction
5948933,Fiction
5948933,Historical
5996629,Classics
5996629,Fiction
5996629,Science Fiction
5996632,Short Stories
5996632,Classics
5996632,Fiction
5996632,Science Fiction
6066095,Historical
6066095,Historical Fiction
6066095,Fiction
6066095,Contemporary
6131164,Young Adult
6131164,Romance
6131164,Fantasy
6146933,Young Adult
6146933,Classics
6146933,Fiction
6186452,Cultural
6186452,Magical Realism
6186452,Japan
6186452,Fiction
6186452,Fantasy
6186452,Asian Literature
6192934,Classics
6192934,Adventure
6192934,Fiction
6192934,Fantasy
6192934,Literature
6193937,Classics
6193937,Historical Fiction
6193937,Fiction
6193937,Academic
6193937,Historical
6239806,Classics
6239806,Historical Fiction
6239806,Fiction
6239806,Historical
6239806,Literature
6251563,Classics
6251563,Mystery
6251563,Fiction
6251563,Thriller
6251563,Crime
6277770,Cultural
6277770,Classics
6277770,Historical Fiction
6277770,Fiction
6277770,Historical
6277770,Africa
6280121,Young Adult
6280121,Fantasy
6280121,Vampires
6280121,Paranormal
6307964,Audiobook
6307964,Adult
6307964,High Fantasy
6307964,Science Fiction Fantasy
6307964,Adventure
6307964,Epic Fantasy
6307964,Fiction
6307964,Dragons
6307964,Epic
6307964,Fantasy
6324651,Classics
6324651,Thriller
6324651,Fiction
6324651,Horror
6329013,Evolution
6329013,Philosophy
6329013,Classics
6329013,Science
6329013,Nonfiction
6329013,Biology
6357135,Romance
6357135,Paranormal Romance
6357135,Fantasy
6357135,Vampires
6357135,Paranormal
6360296,Thriller
6360296,Fiction
6360296,Fantasy
6360296,Horror
6397201,Womens Fiction
6397201,Fiction
6397201,Contemporary
6421982,Fiction
6421982,Fantasy
6479879,Fiction
6479879,Fantasy
6485609,Classics
6485609,Historical Fiction
6485609,Fiction
6485609,Thriller
6485609,Historical
6485609,Crime
6485609,Mystery
6490587,Cultural
6490587,Classics
6490587,Historical Fiction
6490587,School
6490587,Fiction
6490587,Historical
6490587,Academic
6490587,Africa
6490587,Literature
6495605,Young Adult
6495605,Academic
6495605,Classics
6495605,Fiction
6496926,Dystopia
6496926,Apocalyptic
6496926,Fiction
6496926,Science Fiction
6519719,Classics
6519719,Historical Fiction
6519719,School
6519719,Romance
6519719,Read For School
6519719,Fiction
6519719,High School
6519719,Academic
6519719,Historical
6519719,Novels
6519719,Young Adult
6519719,Literature
6522033,Historical Fiction
6522033,Romance
6522033,Fiction
6522033,Historical
6522033,Fantasy
6522033,Science Fiction
6522033,Time Travel
6547258,Epic Fantasy
6547258,Fiction
6547258,Fantasy
6563622,Historical Fiction
6563622,Fiction
6563622,Historical
6563622,Fantasy
6563622,Mystery
6567023,Young Adult
6567023,Fantasy
6567023,Vampires
6567023,Paranormal
6567453,Teen
6567453,Romance
6567453,Fiction
6567453,Coming Of Age
6567453,Death
6567453,Realistic Fiction
6567453,Young Adult
6567453,Mystery
6567453,Contemporary
6572790,Fiction
6572790,Science Fiction
6584437,Fiction
6584437,Fantasy
6585977,Young Adult
6585977,Romance
6585977,Paranormal
6585977,Fantasy
6586540,Young Adult
6586540,Dystopia
6586540,Science Fiction
6599342,Mystery
6599342,Fiction
6599342,Thriller
6599421,War
6599421,Classics
6599421,Historical Fiction
6599421,Fiction
6599421,Historical
6599421,Literature
6699003,Childrens
6699003,Young Adult
6699003,Fiction
6699003,Fantasy
6746355,Audiobook
6746355,Ghosts
6746355,Fiction
6746355,Middle Grade
6746355,Fantasy
6746355,Childrens
6746355,Young Adult
6746355,Paranormal
6746355,Horror
6910629,War
6910629,Classics
6910629,Historical Fiction
6910629,Short Stories
6910629,Fiction
6910629,Historical
6990472,Audiobook
6990472,Teen
6990472,Romance
6990472,Fiction
6990472,Death
6990472,Fantasy
6990472,Realistic Fiction
6990472,Young Adult
6990472,Music
6990472,Contemporary
7031288,Chick Lit
7031288,Romance
7031288,Fiction
7031288,Womens Fiction
7031288,Contemporary
7136307,Angels
7136307,Supernatural
7136307,Romance
7136307,Fiction
7136307,Paranormal Romance
7136307,Fantasy
7136307,Young Adult
7136307,Urban Fantasy
7136307,Paranormal
7150991,Romance
7150991,Fiction
7150991,Womens Fiction
7150991,Young Adult
7150991,Contemporary
7203676,Romance
7203676,Shapeshifters
7203676,Fantasy
7203676,Young Adult
7203676,Paranormal
7541858,Young Adult
7541858,Romance
7541858,Paranormal
7541858,Fantasy
7542624,Romance
7542624,Fantasy
7542624,Young Adult
7542624,Vampires
7542624,Paranormal
7549331,Romance
7549331,Fantasy
7549331,Young Adult
7549331,Vampires
7549331,Paranormal
7607518,Romance
7607518,Fantasy
7607518,Young Adult
7607518,Vampires
7607518,Paranormal
7624272,Young Adult
7624272,Fantasy
7686667,Young Adult
7686667,Romance
7686667,Dystopia
7686667,Science Fiction
7827749,Travel
7827749,Autobiography
7827749,Nonfiction
7827749,Memoir
7833099,Young Adult
7833099,Romance
7833099,Paranormal
7833099,Fantasy
7876209,Contemporary
7876209,Fiction
7876209,Animals
7876209,Dogs
8044584,Young Adult
8044584,Dystopia
8044584,Science Fiction
8045789,Young Adult
8045789,Fiction
8045789,Fantasy
8045789,Science Fiction
8115818,Mystery
8115818,Fiction
8115818,Thriller
8117586,Adventure
8117586,Travel
8117586,Nonfiction
8117586,Biography
8118139,Young Adult
8118139,Fantasy
8118139,Vampires
8118139,Paranormal
8118140,Young Adult
8118140,Fantasy
8118140,Vampires
8118140,Paranormal
8120173,Young Adult
8120173,Historical
8120173,Historical Fiction
8120173,Fiction
8120401,Christian
8120401,Historical Fiction
8120401,Romance
8120401,Fiction
8120401,Historical
8120401,Christian Fiction
8125623,Mystery
8125623,Fiction
8125623,Thriller
8130423,Young Adult
8130423,Fiction
8130423,Fantasy
8130423,Mythology
8132407,Classics
8132407,Historical Fiction
8132407,Fiction
8132407,Historical
8132407,Literature
8150911,Fiction
8150911,Thriller
8150911,Suspense
8150911,Crime
8150911,Mystery
8153988,Epic Fantasy
8153988,Fiction
8153988,Fantasy
8300755,Mystery
8300755,Fiction
8300755,Thriller
8306857,Fiction
8306857,Dystopia
8306857,Fantasy
8306857,Science Fiction
8306857,Young Adult
8309278,Classics
8309278,Fiction
8309278,Dystopia
8309278,Science Fiction
8309278,Young Adult
8316723,Romance
8316723,Fiction
8316723,Fantasy
8316723,Science Fiction
8316723,Young Adult
8423493,Fiction
8423493,Dystopia
8423493,Fantasy
8423493,Science Fiction
8423493,Young Adult
8442457,Mystery Thriller
8442457,Audiobook
8442457,Adult
8442457,Fiction
8442457,Thriller
8442457,Adult Fiction
8442457,Suspense
8442457,Crime
8442457,Mystery
8442457,Contemporary
8466224,Historical
8466224,Historical Fiction
8466224,Fiction
8466224,Fantasy
8545079,Historical
8545079,Historical Fiction
8545079,Fiction
8578995,Classics
8578995,Science Fiction Fantasy
8578995,Fiction
8578995,Science Fiction
8646215,Romance
8646215,Historical
8646215,Historical Fiction
8646215,Fiction
8684868,Teen
8684868,Adventure
8684868,Science Fiction Fantasy
8684868,Romance
8684868,Fiction
8684868,Apocalyptic
8684868,Dystopia
8684868,Post Apocalyptic
8684868,Fantasy
8684868,Science Fiction
8684868,Young Adult
8694005,Classics
8694005,Historical Fiction
8694005,Fiction
8694005,Historical
8694005,Literature
8694005,Mystery
8719634,Young Adult
8719634,Paranormal
8719634,Fantasy
8719634,Science Fiction
8855387,Young Adult
8855387,Romance
8855387,Paranormal
8855387,Fantasy
8889380,War
8889380,World War II
8889380,Audiobook
8889380,Biography Memoir
8889380,Nonfiction
8889380,Historical
8889380,Military Fiction
8889380,History
8889380,Autobiography
8889380,Biography
8889448,Classics
8889448,Historical Fiction
8889448,Westerns
8889448,Fiction
8889448,Historical
8889448,Novels
8889448,Literature
8900616,Angels
8900616,Romance
8900616,Fantasy
8900616,Young Adult
8900616,Paranormal
9188338,Epic Fantasy
9188338,Fiction
9188338,Fantasy
9200938,Poetry
9200938,Classics
9200938,School
9200938,Drama
9200938,Romance
9200938,Theatre
9200938,Fiction
9200938,Plays
9200938,Academic
9200938,Fantasy
9200938,Literature
9359913,Classics
9359913,Humor
9359913,Fiction
9359913,Fantasy
9359913,Science Fiction
9396456,Philosophy
9396456,Classics
9396456,European Literature
9396456,Fiction
9396456,German Literature
9396456,Literature
9410255,Angels
9410255,Romance
9410255,Fantasy
9410255,Young Adult
9410255,Paranormal
9413297,Cultural
9413297,India
9413297,Adventure
9413297,Fiction
9413297,Travel
9440817,Mystery
9440817,Thriller
9440817,Fiction
9440817,Horror
9469037,Philosophy
9469037,Classics
9469037,Politics
9469037,Fiction
9469037,Literature
9475810,Cultural
9475810,Classics
9475810,Historical Fiction
9475810,Russia
9475810,Fiction
9475810,Historical
9475810,Literature
9477490,Supernatural
9477490,Romance
9477490,Fiction
9477490,Paranormal Romance
9477490,Fantasy
9477490,Young Adult
9477490,Urban Fantasy
9477490,Vampires
9477490,Paranormal
9480548,Romance
9480548,Fantasy
9480548,Young Adult
9480548,Vampires
9480548,Paranormal
9525672,Classics
9525672,Humor
9525672,Romance
9525672,Fiction
9525672,Fantasy
9525672,Young Adult
9531737,Fiction
9531737,Fantasy
9584862,Cultural
9584862,Literature
9584862,Classics
9584862,Fiction
9847899,Classics
9847899,Historical Fiction
9847899,Fiction
9847899,Historical
9847899,Literature
9917996,Audiobook
9917996,Supernatural
9917996,Fiction
9917996,Thriller
9917996,Novels
9917996,Fantasy
9917996,Vampires
9917996,Mystery
9917996,Paranormal
9917996,Horror
10053149,Young Adult
10053149,Romance
10053149,Fiction
10053149,Fantasy
10080974,Literature
10080974,Classics
10080974,Fiction
10080974,Historical
10081966,Classics
10081966,Historical Fiction
10081966,Fiction
10081966,Historical
10081966,Childrens
10081966,Young Adult
10201688,Psychology
10201688,Nonfiction
10201688,Memoir
10201688,Autobiography
10201688,Biography
10374117,Classics
10374117,Fiction
10374117,Fantasy
10374117,Childrens
10374117,Young Adult
10428902,Young Adult
10428902,Fiction
10428902,Fantasy
10616322,Young Adult
10616322,Dystopia
10616322,Fiction
10616322,Science Fiction
10763598,Young Adult
10763598,Romance
10763598,Paranormal
10763598,Fantasy
10803076,Literature
10803076,Classics
10803076,Fiction
10803076,Novels
10863144,Womens Fiction
10863144,Fiction
10863144,Contemporary
10916717,Classics
10916717,Historical Fiction
10916717,Adventure
10916717,Fiction
10916717,Historical
10931946,Classics
10931946,Fiction
10931946,Childrens
10931946,Young Adult
10931946,Animals
11013027,Poetry
11013027,Literature
11013027,Classics
11013027,Fiction
11055140,Poetry
11055140,Literature
11055140,Classics
11055140,Fiction
11060744,Classics
11060744,Humor
11060744,Drama
11060744,Fiction
11060744,Plays
11066857,Classics
11066857,Historical Fiction
11066857,Juvenile
11066857,Fiction
11066857,Historical
11066857,Middle Grade
11066857,Childrens
11066857,Young Adult
11066857,Literature
11066857,Childrens Classics
11106714,Religion
11106714,Nonfiction
11106714,Science
11106714,Philosophy
11153628,Adventure
11153628,Literature
11153628,Classics
11153628,Fiction
11201920,Romance
11201920,Fantasy
11201920,Young Adult
11201920,Vampires
11201920,Paranormal
11293952,Young Adult
11293952,Romance
11293952,Fantasy
11301989,Action
11301989,Teen
11301989,Adventure
11301989,Romance
11301989,Fiction
11301989,Apocalyptic
11301989,Dystopia
11301989,Fantasy
11301989,Science Fiction
11301989,Young Adult
11323701,Classics
11323701,Adventure
11323701,Fiction
11323701,Historical
11323701,Young Adult
11387515,Childrens
11387515,Fiction
11387515,Realistic Fiction
11387515,Young Adult
11387515,Contemporary
11539004,Mystery
11539004,True Crime
11539004,Nonfiction
11539004,Crime
11550149,Young Adult
11550149,Fantasy
11776950,Magical Realism
11776950,Fiction
11776950,Fantasy
11776950,Literature
11776950,Mystery
11776950,Horror
11865807,Humor
11865807,Fiction
11865807,Fantasy
11961790,Historical Fiction
11961790,Egypt
11961790,Fiction
11961790,Historical
11961790,Northern Africa
12359568,Young Adult
12359568,Romance
12359568,Dystopia
12359568,Science Fiction
12530184,Historical Fiction
12530184,Fiction
12530184,Historical
12530184,Fantasy
12530184,Science Fiction
12530184,Time Travel
12686642,Young Adult
12686642,Romance
12686642,Paranormal
12686642,Fantasy
12782014,Feminism
12782014,Classics
12782014,Historical Fiction
12782014,Fiction
12782014,Historical
12881778,Adult
12881778,Chick Lit
12881778,Erotic Romance
12881778,Romance
12881778,Fiction
12881778,Erotica
12881778,Contemporary Romance
12881778,BDSM
12881778,Adult Fiction
12881778,Womens Fiction
12881778,Contemporary
12970552,Young Adult
12970552,Romance
12970552,Fiction
12970552,Contemporary
12995406,Poetry
12995406,Classics
12995406,Drama
12995406,Theatre
12995406,Fiction
12995406,Plays
12995406,Historical
12995406,Reference
12995406,Literature
12995406,Classic Literature
13068756,Fiction
13068756,Dystopia
13068756,Fantasy
13068756,Science Fiction
13068756,Young Adult
13101912,Romance
13101912,Dystopia
13101912,Fantasy
13101912,Science Fiction
13101912,Young Adult
13330943,Romance
13330943,Fiction
13330943,Fantasy
13455782,Romance
13455782,Dystopia
13455782,Fantasy
13455782,Science Fiction
13455782,Young Adult
13510444,Classics
13510444,Fiction
13510444,Fantasy
13513038,Classics
13513038,Fiction
13513038,Fantasy
13613374,Young Adult
13613374,Fantasy
15708993,Classics
15708993,Fiction
15708993,Fantasy
15709778,Historical Fiction
15709778,Spirituality
15709778,Religion
15709778,Fiction
15709778,Book Club
15709778,Historical
15709778,Novels
15709778,Biblical Fiction
15709778,Literature
15709778,Contemporary
15749201,Historical
15749201,Literature
15749201,Historical Fiction
15749201,Fiction
15749887,Young Adult
15749887,Romance
15749887,New Adult
15749887,Contemporary
15753977,Young Adult
15753977,Romance
15753977,Dystopia
15753977,Science Fiction
15795357,Young Adult
15795357,Romance
15795357,Fiction
15795357,Contemporary
15802147,Humor
15802147,Graphic Novels
15802147,Fiction
15802147,Sequential Art
15802147,Comics
15803417,Childrens
15803417,Classics
15803417,Fiction
15803417,Fantasy
15806216,European Literature
15806216,Literature
15806216,Classics
15806216,Fiction
15823480,Cultural
15823480,Classics
15823480,Russia
15823480,Romance
15823480,Fiction
15833451,Cultural
15833451,Classics
15833451,Historical Fiction
15833451,France
15833451,Adventure
15833451,Romance
15833451,Fiction
15833451,Historical
15833451,Literature
15833451,Mystery
15844362,Romance
15844362,Dystopia
15844362,Fantasy
15844362,Science Fiction
15844362,Young Adult
15845322,Classics
15845322,Fiction
15845322,Fantasy
15845322,Horror
15845364,Cultural
15845364,Classics
15845364,Historical Fiction
15845364,Fiction
15845364,Historical
15845364,Novels
15845364,American
15845364,Literature
15845364,Classic Literature
15845364,19th Century
15848107,Classics
15848107,Fiction
15848107,Science Fiction
15848107,Mystery
15848107,Horror
16034235,Young Adult
16034235,Romance
16034235,Fantasy
16058947,Classics
16058947,Historical Fiction
16058947,British Literature
16058947,Romance
16058947,Fiction
16058947,European Literature
16058947,Historical
16058947,Literature
16058947,Classic Literature
16058947,19th Century
16064673,Classics
16064673,Historical Fiction
16064673,Adventure
16064673,School
16064673,Fiction
16064673,Historical
16064673,Academic
16064673,Novels
16064673,Childrens
16064673,Young Adult
16064673,Literature
16064673,Animals
16095003,Classics
16095003,Historical Fiction
16095003,Fiction
16095003,Historical
16095003,Literature
16173514,Cultural
16173514,Classics
16173514,Historical Fiction
16173514,School
16173514,China
16173514,Fiction
16173514,Historical
16173514,Asia
16173514,Novels
16173514,Academic
16173514,Literature
16692883,Literature
16692883,Romance
16692883,Classics
16692883,Fiction
17156082,Sociology
17156082,Abuse
17156082,New Adult
17156082,Chick Lit
17156082,Romance
17156082,Drama
17156082,Fiction
17156082,Contemporary Romance
17156082,High School
17156082,Womens Fiction
17156082,Young Adult
17156082,Contemporary
17157434,Young Adult
17157434,Romance
17157434,Fiction
17157434,Fantasy
17204679,Philosophy
17204679,Psychology
17204679,Self Help
17204679,Nonfiction
17204679,History
17204679,Autobiography
17204679,Memoir
17264061,Classics
17264061,Historical Fiction
17264061,Fiction
17264061,Historical
17264061,Fantasy
17264061,Mythology
17280346,Young Adult
17280346,Romance
17280346,Paranormal
17280346,Fantasy
17286849,Young Adult
17286849,Romance
17286849,Fiction
17286849,Contemporary
17306020,Classics
17306020,Historical Fiction
17306020,School
17306020,Politics
17306020,Fiction
17306020,Historical
17306020,Academic
17306020,Novels
17306020,Literature
17306020,Classic Literature
17315727,Young Adult
17315727,Science Fiction
17339177,Christian
17339177,Classics
17339177,Nonfiction
17339177,History
17339177,Autobiography
17339177,Biography
17347634,Romance
17347634,Womens Fiction
17347634,Fiction
17347634,Contemporary
17401120,Classics
17401120,Fiction
17401120,Fantasy
17401120,Science Fiction
17401120,Time Travel
17453983,Young Adult
17453983,Romance
17453983,Womens Fiction
17453983,Contemporary
17470674,Classics
17470674,Fiction
17470674,Science Fiction
17701166,Young Adult
17701166,Fantasy
17728412,Romance
17728412,Classics
17728412,Fiction
17728412,Horror
17792189,Environment
17792189,Philosophy
17792189,Classics
17792189,Nonfiction
18008756,Classics
18008756,Adventure
18008756,Fiction
18008756,Young Adult
18008756,Animals
18073799,Classics
18073799,Adventure
18073799,Fiction
18073799,European Literature
18073799,Middle Grade
18073799,Fantasy
18073799,Childrens
18073799,Young Adult
18073799,Literature
18073799,Animals
18144590,Philosophy
18144590,Classics
18144590,Fiction
18144590,Fantasy
18172068,Literature
18172068,Classics
18172068,Fiction
18401393,Fiction
18401393,Science Fiction
18619999,Historical
18619999,Adult
18619999,Historical Fiction
18619999,Fiction
18626824,Adult
18626824,Romance
18626824,Fiction
18626824,Erotica
18626824,Adult Fiction
18626828,Fiction
18626828,Fantasy
18626829,Fiction
18626829,Fantasy
18626857,Mystery Thriller
18626857,Short Stories
18626857,Classics
18626857,Adventure
18626857,Fiction
18626857,Thriller
18626857,Literature
18626857,Crime
18626857,Detective
18626857,Mystery
18626858,Fiction
18626858,Dystopia
18626858,Fantasy
18626858,Science Fiction
18626858,Young Adult
18629142,Young Adult
18629142,Romance
18629142,Paranormal
18629142,Fantasy
18686935,Childrens
18686935,Picture Books
18686935,Classics
18686935,Fiction
18846563,Young Adult
18846563,Romance
18846563,Fantasy
18882869,War
18882869,Classics
18882869,Historical Fiction
18882869,Fiction
18882869,Historical
19010711,Cultural
19010711,History
19010711,Adventure
19010711,Nonfiction
19010711,Africa
19010711,Travel
19010711,Autobiography
19438058,Philosophy
19438058,Classics
19438058,Fiction
19438058,Spirituality
20494944,Classics
20494944,Historical Fiction
20494944,Westerns
20494944,Fiction
20494944,Historical
20562717,Fiction
20562717,Fantasy
20603758,Young Adult
20603758,Fiction
20603758,Fantasy
20603758,Science Fiction
21160173,Classics
21160173,Humor
21160173,Drama
21160173,Fiction
21160173,Plays
21523063,Classics
21523063,Historical Fiction
21523063,Fiction
21523063,Historical
21523063,Literature
22024583,Classics
22024583,Historical Fiction
22024583,Fiction
22024583,Academic
22024583,Historical
22027266,Childrens
22027266,Fiction
22027266,Fantasy
22044026,Classics
22044026,Fiction
22044026,Science Fiction
22084431,Romance
22084431,Aliens
22084431,Fantasy
22084431,Science Fiction
22084431,Young Adult
22084431,Paranormal
22294935,Audiobook
22294935,High Fantasy
22294935,Adventure
22294935,Romance
22294935,Fiction
22294935,LGBT
22294935,Young Adult Fantasy
22294935,Fantasy
22294935,Young Adult
22294935,Magic
22818666,Adventure
22818666,Romance
22818666,Fiction
22818666,Fairies
22818666,Fantasy
22818666,Fae
22818666,Young Adult
22818666,Urban Fantasy
22818666,Magic
22818666,Paranormal
24731740,Adult
24731740,Romance
24731740,Fiction
24731740,Erotica
24731740,BDSM
24731740,Adult Fiction
24916066,Childrens
24916066,Classics
24916066,Fiction
25716554,Cultural
25716554,Classics
25716554,Magical Realism
25716554,Russia
25716554,Fiction
25716554,Fantasy
25716554,Russian Literature
25716554,Literature
26028666,Fiction
26028666,Thriller
26028666,Suspense
26028666,Crime
26028666,Mystery
26073150,Young Adult
26073150,Romance
26073150,New Adult
26073150,Fantasy
28137887,Young Adult
28137887,Fiction
28137887,Fantasy
28139880,Young Adult
28139880,Fiction
28139880,Fantasy
28141183,Young Adult
28141183,Fiction
28141183,Fantasy
28143118,Young Adult
28143118,Fiction
28143118,Fantasy
28143415,Young Adult
28143415,Fiction
28143415,Fantasy
28253070,Science Fiction
28253070,Fiction
28253070,Fantasy
28253070,Horror
28787664,Young Adult
28787664,Fiction
28787664,Fantasy
29411529,Young Adult
29411529,Fiction
29411529,Fantasy
29844228,Realistic Fiction
29844228,Young Adult
29844228,Fiction
29844228,Contemporary
30165203,Audiobook
30165203,Adult
30165203,Science Fiction Fantasy
30165203,Mythology
30165203,Fiction
30165203,Novels
30165203,Fantasy
30165203,Science Fiction
30165203,Urban Fantasy
30165203,Contemporary
30236962,Historical Fiction
30236962,Fiction
30236962,Historical
30236962,Fantasy
30236962,Mystery
30236985,Religion
30236985,Historical
30236985,Historical Fiction
30236985,Fiction
31685789,Adult Fiction
31685789,Adult
31685789,Fiction
31685789,Contemporary
32800812,Classics
32800812,Fiction
32800812,Thriller
32800812,Fantasy
32800812,Paranormal
32800812,Horror
33574273,Classics
33574273,Fiction
33574273,Fantasy
33574273,Science Fiction
33574273,Childrens
33574273,Young Adult
33648131,Chick Lit
33648131,Romance
33648131,Fiction
33648131,Womens Fiction
33648131,Contemporary
34068470,Poetry
34068470,Classics
34068470,Fiction
34068470,Fantasy
34068470,Mythology
35031085,Science Fiction
35031085,Classics
35031085,Fiction
35031085,Horror
35120530,Fiction
35120530,Contemporary
35341859,Southern
35341859,Classics
35341859,Romance
35341859,Fiction
35341859,American
35341859,Contemporary
35485895,World War II
35485895,Classics
35485895,Historical Fiction
35485895,War
35485895,Fiction
35485895,Historical
35485895,Holocaust
35545737,Chick Lit
35545737,Romance
35545737,Fiction
35545737,Womens Fiction
35545737,Young Adult
35545737,Contemporary
36145593,Classics
36145593,Historical Fiction
36145593,Chick Lit
36145593,Fiction
36145593,Historical
36145593,Womens Fiction
36145593,American
36145593,LGBT
36236124,Classics
36236124,Fiction
36236124,Thriller
36236124,Novels
36236124,Contemporary
36381037,Young Adult
36381037,Fantasy
36381037,Science Fiction
36402034,Classics
36402034,Fiction
36402034,Science Fiction
36576608,Young Adult
36576608,Classics
36576608,Fiction
36576608,Science Fiction
36687263,Historical
36687263,Fiction
36687263,Contemporary
38819529,Classics
38819529,Science Fiction Fantasy
38819529,Adventure
38819529,High Fantasy
38819529,Epic Fantasy
38819529,Fiction
38819529,Novels
38819529,Fantasy
38819529,Childrens
38819529,Young Adult
39280444,Realistic Fiction
39280444,Young Adult
39280444,Fiction
39280444,Contemporary
39776179,Audiobook
39776179,Classics
39776179,Science Fiction Fantasy
39776179,Adventure
39776179,Fiction
39776179,Speculative Fiction
39776179,Space
39776179,Novels
39776179,Fantasy
39776179,Science Fiction
39776179,Space Opera
39832183,War
39832183,Historical Fiction
39832183,Romance
39832183,Fiction
39832183,Historical
39945240,Poetry
39945240,Philosophy
39945240,Classics
39945240,Spirituality
39945240,Religion
39945240,Fiction
40495148,Cultural
40495148,Classics
40495148,Portugal
40495148,Fiction
40495148,European Literature
40495148,Dystopia
40495148,Novels
40495148,Science Fiction
40495148,Portuguese Literature
40495148,Literature
40495148,Contemporary
40495148,Horror
40605251,Historical Fiction
40605251,Fiction
40605251,Historical
40605251,Fantasy
40605251,Mythology
40873273,Cultural
40873273,Historical Fiction
40873273,China
40873273,Fiction
40873273,Historical
40874325,Christian
40874325,Spirituality
40874325,Religion
40874325,Fiction
40874325,Christian Fiction
40938263,Fiction
40940121,Childrens
40940121,Young Adult
40940121,Classics
40940121,Fiction
40961427,Classics
40961427,Fiction
40961427,Science Fiction
41044096,Classics
41044096,Historical Fiction
41044096,Fiction
41044096,Historical
41044096,Childrens
41044096,Young Adult
41637836,Young Adult
41637836,Fiction
41637836,Fantasy
41817486,Classics
41817486,Fiction
41817486,Science Fiction
42844155,Young Adult
42844155,Fiction
42844155,Fantasy
44451908,Mystery
44451908,Young Adult
44451908,Fiction
44451908,Horror
46020761,Classics
46020761,Historical Fiction
46020761,Romance
46020761,Fiction
46020761,Historical
46020761,Novels
46020761,Childrens
46020761,Young Adult
46020761,Literature
46020761,Classic Literature
46025094,Young Adult
46025094,Fiction
46025094,Fantasy
46025094,Mythology
47440429,Young Adult
47440429,Fiction
47440429,Contemporary
